10878,F7210,1400F7210,,140182100
10979,F9E90,1400F9E90,,140103D80
11045,FCFE0,1400FCFE0,40 53 48 83 EC 20 83 3D ? ? ? ? ? 74,140106EC0
11213,101A30,140101A30,48 89 5C 24 10 48 89 6C 24 18 48 89 74 24 20 57 48 83 EC 30 48 8B 01 48 8B EA 0F,14010BCB0
11216,101CC0,140101CC0,,14010BF30
11483,10F5C0,14010F5C0,,140119880
11903,125D80,140125D80,40 56 57 41 54 41 56 41 57 48 83 EC 30 48 C7 44 24 20 FE FF FF FF 48 89 5C 24 68 48 89 6C 24 70 45 0F B6 F8 8B,14012CBC0
12176,131990,140131990,,140138530
12193,1320F0,1401320F0,,140138AA0
12204,1329D0,1401329D0,,140139160
12204,1329D0,1401329D0,,140139160
12272,1349D0,1401349D0,,14013B060
12626,13C740,14013C740,40 57 48 83 EC 50 48 C7 44 24 20 FE FF FF FF 48 89 5C 24 60 48 89 74 24 68 0F 29 74 24 40 0F 28 F2 48,140143BD0
13530,1652D0,1401652D0,40 56 57 41 56 48 83 EC 30 48 C7 44 24 20 FE FF FF FF 48 89 5C 24 58 48 89 6C 24 60 49 8B F1 41,14016ECD0
13657,1713D0,1401713D0,,14017BE70
13789,177790,140177790,40 57 48 83 EC 30 48 C7 44 24 20 FE FF FF FF 48 89 5C 24 50 48 8B ? ? ? ? ? 48 85 C0 75,1401818D0
13897,17D4C0,14017D4C0,,1401872E0
13898,17D550,14017D550,48 89 5C 24 10 48 89 74 24 18 57 48 83 EC 40 80 3D ? ? ? ? ? 8B,140187370
13902,17D910,14017D910,40 53 48 83 EC 20 83 B9 9C 02 00 00 00 48,140187720
13903,17D960,14017D960,40 53 48 83 EC 20 48 8B D9 8B 89 88 02 00 00 8B,140187770
13904,17DA10,14017DA10,,140187820
13923,17E4B0,14017E4B0,48 89 5C 24 08 57 48 83 EC 30 80 3D ? ? ? ? ? 8B,1401882F0
14108,186790,140186790,,1401941C0
14179,1894F0,1401894F0,40 53 56 41 54 41 57 48 83 EC 38 45,140193780
14180,189750,140189750,48 89 5C 24 10 48 89 74 24 18 57 48 83 EC 20 33 F6 48 8B F9 8B,1401939E0
14189,189E30,140189E30,48 8B C4 57 41 56 41 57 48 83 EC 70 48 C7 40 C8 FE FF FF FF 48,140194030
14190,189FC0,140189FC0,,140194250
14399,190480,140190480,,14019AC30
14509,1957E0,1401957E0,48 89 5C 24 08 57 48 83 EC 20 48 8B DA 48 8B F9 8B 11 8D,1401A0530
15491,1C60A0,1401C60A0,40 53 48 83 EC 30 48 C7 44 24 20 FE FF FF FF 48 8B D9 E8 ? ? ? ? 90 48 8D 8B C0 13 00 00 4C,1401D1300
15494,1C61A0,1401C61A0,,1401D1400
15757,1D66E0,1401D66E0,48 89 5C 24 08 48 89 6C 24 10 48 89 74 24 18 48 89 7C 24 20 41 56 48 83 EC 40 48 8B 79 08 33,1401E1F60
15767,1D6BA0,1401D6BA0,48 89 5C 24 10 57 48 83 EC 20 48 8B 59 08 40,1401E2430
15779,1D7330,1401D7330,40 53 48 83 EC 40 48 8B 19 F3 0F 10 ? ? ? ? ? 0F,1401E2B80
15782,1D7590,1401D7590,48 89 5C 24 10 48 89 6C 24 18 48 89 7C 24 20 41 56 48 83 EC 30 0F,1401E2EA0
15800,1D8D10,1401D8D10,,1401E4600
15802,1D8E40,1401D8E40,,1401E4880
15807,1D9080,1401D9080,48 89 5C 24 10 48 89 6C 24 18 56 57 41 56 48 83 EC 20 33 FF 45,1401E4B80
15812,1D9200,1401D9200,,1401E4D00
15813,1D92F0,1401D92F0,,1401E4DF0
15829,1E08B0,1401E08B0,48 89 4C 24 08 55 53 56 57 41 54 41 55 41 56 41 57 48 8B EC 48 83 EC 68 48 C7 45 D0 FE FF FF FF 4C,1401EC120
15873,1E7570,1401E7570,48 83 EC 48 48 C7 44 24 20 FE FF FF FF 83,1401F2E40
15889,1E9D90,1401E9D90,,1401F55D0
15890,1EA020,1401EA020,40 53 55 56 57 41 54 41 56 41 57 48 83 EC 30 48 C7 44 24 20 FE FF FF FF 4C 8B F9 48 8B 49 08 45,1401F58B0
15907,1ECC60,1401ECC60,,// BROKEN - inlining
15908,1ECD30,1401ECD30,4C 8B DC 57 48 83 EC 60 49 C7 43 B8 FE FF FF FF 49 89 5B 10 49 89 73 18 48,1401F87B0
15909,1ECE20,1401ECE20,40 53 55 56 57 41 56 41 57 48 83 EC 48 48 C7 44 24 20 FE FF FF FF 48 8B DA 4C,1401F88B0
15909,1ECE20,1401ECE20,40 53 55 56 57 41 56 41 57 48 83 EC 48 48 C7 44 24 20 FE FF FF FF 48 8B DA 4C,1401F88B0
15967,1EE670,1401EE670,,1401FA210
15980,1EF330,1401EF330,,1401FAD60
16084,1F5390,1401F5390,,140200FE0
16089,1F5750,1401F5750,,140201430
18536,2654C0,1402654C0,F6 41 40 01 74 09 48 83 C1 48 E9 ? ? ? ? 48 8B ? ? ? ? ? 48,1402772D0
19201,28B940,14028B940,,14029DA50
19277,28E3C0,14028E3C0,,1402A0680
19323,2945E0,1402945E0,48 89 5C 24 08 48 89 74 24 10 57 48 83 EC 20 33 FF 48 8B D9 48,1402A6CB0
19354,2961F0,1402961F0,40 53 55 56 57 41 54 41 55 41 56 41 57 48 83 EC 58 48 C7 44 24 20 FE FF FF FF 0F 29 74 24 40 0F,1402A88A0
19400,29A330,14029A330,,1402AC9E0
19666,2A2070,1402A2070,,// BROKEN - inlining
19789,2A6670,1402A6670,40 57 48 83 EC 30 48 C7 44 24 20 FE FF FF FF 48 89 5C 24 50 48 89 74 24 58 48 8B F1 48 83 C1 70 E8 ? ? ? ? 48 8B F8 33,1402B8340
19805,2A6EE0,1402A6EE0,,1402B8BF0
19818,2A74C0,1402A74C0,40 57 48 83 EC 30 48 C7 44 24 20 FE FF FF FF 48 89 5C 24 50 48 8D 59 70 48,1402B9260
19857,2A8CC0,1402A8CC0,40 55 56 57 41 54 41 55 41 56 41 57 48 83 EC 50 48 C7 44 24 30 FE FF FF FF 48 89 9C 24 98 00 00 00 0F,1402BAAF0
20470,2C53D0,1402C53D0,48 85 D2 0F 84 ? ? ? ? 48 89 54 24 10 57 48 83 EC 40 48,1402D8260
21416,2E75F0,1402E75F0,41 54 41 56 41 57 48 83 EC 40 48 C7 44 24 38 FE FF FF FF 48 89 5C 24 60 48 89 6C 24 68 48 89 74 24 70 48 89 7C 24 78 4D,1402FBA00
22843,326460,140326460,,140906960
23073,32ECE0,14032ECE0,48 85 D2 0F 84 ? ? ? ? 48 89 54 24 10 4C,1403444C0
24012,355940,140355940,,14036C3D0
24206,360480,140360480,48 8B C4 41 56 48 83 EC 50 48 C7 40 C8 FE FF FF FF 48,140377280
24207,3606D0,1403606D0,40 57 48 83 EC 30 48 C7 44 24 20 FE FF FF FF 48 89 5C 24 40 48 89 74 24 58 48 8B FA 48 8B F1 48 8B DA 48,1403774C0
24246,365BF0,140365BF0,48 89 54 24 10 55 56 57 41 54 41 55 41 56 41 57 48 8D 6C 24 D9 48 81 EC A0 00 00 00 48,14037CF10
24274,368A20,140368A20,48 89 5C 24 20 57 48 83 EC 20 83,14037FF40
24275,368B30,140368B30,,140380040
24276,368BC0,140368BC0,,1403800D0
24481,370910,140370910,,140387FE0
24486,370E90,140370E90,48 89 5C 24 18 55 56 57 41 54 41 55 41 56 41 57 48 83 EC 40 48,140388560
24985,38D990,14038D990,48 83 C1 28 E9 ? ? ? ? CC CC CC CC CC CC CC 48 89 5C 24 10 57,1403A3E20
25466,3A4DD0,1403A4DD0,,1403BB7A0
25822,3BCF40,1403BCF40,48 83 EC 38 80 7C 24 70 00 F3 0F 10 ? ? ? ? ? F3,1403D4820
25858,3BE980,1403BE980,,1403D6410
25977,3C38E0,1403C38E0,48 89 5C 24 08 48 89 6C 24 10 48 89 74 24 18 57 41 56 41 57 48 83 EC 40 48 8D B9 20 02 00 00 0F,1403DB180
25980,3C3F00,1403C3F00,,1403DB880
26616,3E5250,1403E5250,40 53 48 83 EC 20 48 8B 01 48 63 DA 8B,1403FDF00
29074,4447A0,1404447A0,48 83 EC 68 33 C0 48 89 54 24 20 4C,14045D940
29090,4454C0,1404454C0,,14045E630
31717,4D7F80,1404D7F80,40 56 57 41 56 48 83 EC 40 48 C7 44 24 20 FE FF FF FF 48 89 5C 24 60 48 8B F2 4C,1404F0C40
31718,4D80A0,1404D80A0,,1404F0D70
32290,4F5C80,1404F5C80,48 89 5C 24 08 57 48 83 EC 20 48 8B F9 48 8B DA 48 8B 49 28 48 85 C9 74 06 48,14050F0E0
33286,53E380,14053E380,,140558410
33733,5530D0,1405530D0,48 89 5C 24 18 56 48 83 EC 20 48 8B 01 48 8B F2 FF,14056E710
33828,556F20,140556F20,,140572AE0
34413,56C9D0,14056C9D0,48 8B C4 48 89 48 08 55 56 57 41 54 41 55 41 56 41 57 48 83 EC 50 48 C7 40 A8 FE FF FF FF 48 89 58 10 4D,140589450
34818,586DE0,140586DE0,,1405A7A70
34819,587350,140587350,48 8B C4 48 89 58 10 57 48 81 EC 60 01 00 00 48,1405A81B0
35199,59B140,14059B140,,1405BC660
35413,5A6640,1405A6640,,1405C7630
36252,5D1190,1405D1190,48 89 5C 24 10 57 48 83 EC 60 48 89 74 24 70 48,1405F5790
36286,5D2520,1405D2520,40 56 57 41 56 48 83 EC 30 48 C7 44 24 20 FE FF FF FF 48 89 5C 24 58 48 89 6C 24 60 48 8B F9 48 8B 49 40 48,1405F6BA0
36344,5D62E0,1405D62E0,48 8B 49 40 48 83 C1 30 E9 ? ? ? ? CC,1405FAC10
36407,5DB310,1405DB310,48 8B C4 56 57 41 56 48 83 EC 60 48 C7 40 D8 FE FF FF FF 48 89 58 10 48 89 68 18 41,140600C00
36427,5DD770,1405DD770,48 8B C4 44 89 48 20 4C 89 40 18 48 89 50 10 55 53 56 57 41 54 41 55 41 56 41 57 48 8D 68 88 48,140603230
36537,5E7E40,1405E7E40,48 89 5C 24 10 48 89 74 24 18 57 48 83 EC 20 48 8B F2 48 8B D9 40,14060DE20
36690,5F9E30,1405F9E30,,140620D00
36748,5FC9A0,1405FC9A0,40 53 48 83 EC 20 41 8B D8 4C 8B C2 48 8B D1 48 8B 89 F0 00 00 00 48 85 C9 74 2B 80,140623900
36901,607680,140607680,48 85 D2 0F 84 ? ? ? ? 41 56 48 83 EC 40 48,14062ED00
37771,62F560,14062F560,,140655190
37772,62F720,14062F720,,1406553A0
37802,631360,140631360,48 89 5C 24 10 56 48 83 EC 20 80 7A 1A 1A 48,140657260
37803,6313D0,1406313D0,48 85 D2 0F 84 ? ? ? ? 48 89 6C 24 18 56 57,1406572D0
37808,631C80,140631C80,48 89 5C 24 08 48 89 74 24 10 57 48 83 EC 20 0F B6 F2 48 8D 99 A0 01 00 00 BF,140657AC0
37938,637A80,140637A80,48 85 D2 0F 84 ? ? ? ? 57 48 83 EC 50 48 C7 44 24 20 FE FF FF FF 48 89 5C 24 60 48 89 6C 24 70 48,14065D710
37939,637BC0,140637BC0,,14065D8F0
37941,637CA0,140637CA0,,14065D9D0
37945,638190,140638190,48 8B C4 57 41 56 41 57 48 83 EC 50 48 C7 40 B8 FE FF FF FF 48 89 58 08 48 89 68 18 48,14065DF00
38404,650DF0,140650DF0,40 55 56 57 41 54 41 55 41 56 41 57 48 83 EC 30 48 C7 44 24 20 FE FF FF FF 48 89 5C 24 78 48 8B F2 4C,140677A30
38568,65C880,14065C880,48 8B 41 10 48 85 C0 74 08 F3 0F 11 88 E4 01 00 00 C3,140683690
39175,692CD0,140692CD0,40 57 48 83 EC 50 48 C7 44 24 20 FE FF FF FF 48 89 5C 24 68 48 8B FA 48,1406BA9A0
39179,693050,140693050,40 57 48 83 EC 20 48 8B F9 48 85 D2 74 66 48,1406BAD10
39181,693110,140693110,40 55 56 57 48 83 EC 30 48 C7 44 24 20 FE FF FF FF 48 89 5C 24 50 0F B6 DA 48 8B F1 E8,1406BADD0
39217,694400,140694400,40 57 48 83 EC 40 48 C7 44 24 20 FE FF FF FF 48 89 5C 24 50 48 8B FA 48 8D 59 20 48,1406BC090
39221,6944A0,1406944A0,,1406BC120
39223,694500,140694500,48 89 5C 24 08 48 89 74 24 18 57 48 83 EC 20 48 8B 1A 48,1406BC190
39365,69C2A0,14069C2A0,48 89 5C 24 08 55 56 57 48 83 EC 40 49,1406C4030
39384,69FE60,14069FE60,48 8B C4 56 57 41 56 48 83 EC 70 48 C7 40 C0 FE FF FF FF 48,1406C8580
39413,6A2540,1406A2540,48 83 EC 48 0F 57 C0 0F 2F D0 76,1406CAC00
39471,6A9F90,1406A9F90,,1406D2750
39475,6AA260,1406AA260,,1406D2A40
39568,6B2530,1406B2530,,1406DACF0
39612,6B52A0,1406B52A0,48 89 5C 24 08 48 89 74 24 10 48 89 7C 24 18 44 8B 99 20 0B 00 00 45,1406DE010
39614,6B5450,1406B5450,,1406DE1C0
40330,6D9490,1406D9490,48 85 D2 0F 84 ? ? ? ? 48 89 5C 24 08 48 89 74 24 10 57 48 83 EC 20 48 8B F9 41,140702060
40396,6DEC50,1406DEC50,40 57 48 83 EC 30 48 C7 44 24 20 FE FF FF FF 48 89 5C 24 48 48 89 6C 24 50 48 89 74 24 58 48 8B F1 33 ED 8B FD 39 69 40 76 5D 66,1407076A0
40560,6E6740,1406E6740,,14070F280
41257,704970,140704970,48 89 4C 24 08 55 56 57 41 56 41 57 48 83 EC 30 48 C7 44 24 20 FE FF FF FF 48 89 5C 24 70 48 8B F1 48 8D ? ? ? ? ? 48 89 01 48,14072E270
42832,742850,140742850,,14076EDB0
49908,84D630,14084D630,,1408795B0
50099,856A50,140856A50,,140883930
50164,85BB30,14085BB30,4C 8B DC 57 48 81 EC 60 01 00 00 48,140888BF0
50180,85C2C0,14085C2C0,,140889680
50257,862160,140862160,,14088F910
50258,862250,140862250,,14088FA00
50515,8708A0,1408708A0,,14089EA80
50882,887750,140887750,40 53 48 83 EC 20 48 8B 81 50 01 00 00 48,1408B7590
50884,887970,140887970,48 85 D2 74 1F 48 8B 42 08 48 85 C0 74,1408B7880
50885,8879A0,1408879A0,,1408B78B0
50886,887D10,140887D10,40 57 48 83 EC 30 48 C7 44 24 20 FE FF FF FF 48 89 5C 24 48 48 8B F9 48 8B 91 50 01 00 00 48,1408B7C70
51899,8D50F0,1408D50F0,,140904890
51900,8D5130,1408D5130,0F B7 41 18 66 85 C0 74 13 66 83 E8 01 66,1409048D0
52050,8DA3D0,1408DA3D0,40 57 41 54 41 55 41 56 41 57 48 83 EC 30 48 C7 44 24 28 FE FF FF FF 48,140909870
52054,8DA860,1408DA860,,140909EE0
53144,9252C0,1409252C0,,1409520B0
56227,9AE5C0,1409AE5C0,48 89 54 24 10 55 56 57 41 54 41 55 41 56 41 57 48 8D 6C 24 E9 48,1409D33E0
56606,9C6730,1409C6730,40 57 48 83 EC 20 66 83 79 08 00 48,1409EAF20
56607,9C67F0,1409C67F0,40 53 48 83 EC 20 66 83 79 08 00 48,1409EAFE0
60551,A7B000,140A7B000,48 89 5C 24 08 48 89 74 24 10 57 48 81 EC 80 00 00 00 48,140A9F810
66355,BED530,140BED530,40 53 48 83 EC 20 8B 19 83 FB FF 74 1E C7 41 08 01 00 00 00 E8,140C12290
66358,BED600,140BED600,40 53 48 83 EC 20 8B 19 83 FB FF 74 1E C7 41 08 02 00 00 00 E8,140C12360
66360,BED690,140BED690,40 53 48 83 EC 20 8B 19 83 FB FF 74 14 E8 ? ? ? ? 48 8B C8 8B D3 48 83 C4 20 5B E9 ? ? ? ? 32,140C123F0
66370,BED920,140BED920,,140C12680
66375,BEDB10,140BEDB10,,140C12870
66391,BEE580,140BEE580,48 8B ? ? ? ? ? C3 CC CC CC CC CC CC CC CC 48 8B ? ? ? ? ? C3 CC CC CC CC CC CC CC CC 48 83 3D ? ? ? ? ? 74,140C132D0
66404,BEF0B0,140BEF0B0,,140C13FE0
66841,C01800,140C01800,,140C264A0
66859,C02260,140C02260,48 89 5C 24 20 55 57 41 54 41 55 41 57 48 83 EC 30 65,140C26F00
66860,C024B0,140C024B0,,140C27150
66861,C02560,140C02560,48 85 D2 0F 84 ? ? ? ? 48 89 5C 24 08 48 89 54 24 10 57 48 83 EC 20 80,140C27350
66884,C034A0,140C034A0,,140C28310
66885,C03AC0,140C03AC0,48 85 D2 0F 84 ? ? ? ? 57 48 83 EC 20 48 8B F9 48,140C28910
66962,C06490,140C06490,48 83 EC 08 33 C0 45 8B C8 4C 8B D2 4C,140C2B1B0
66963,C064F0,140C064F0,,140135290
66964,C06570,140C06570,48 89 5C 24 08 0F B6 C2 48 8D ? ? ? ? ? 4C,140C2B290
66976,C072D0,140C072D0,40 57 48 83 EC 20 48 8B F9 FF 15 ? ? ? ? 39 07 75 0A F0 FF 47 04 48 83 C4 20 5F C3 8B,140C2BEF0
66977,C07350,140C07350,48 89 74 24 18 57 48 83 EC 20 48 8B F9 FF 15 ? ? ? ? 8B F0 39 07 75,140C2BF70
66982,C07590,140C07590,F0 FF 49 04 C3 CC CC CC CC CC CC CC CC CC CC CC 8B,140C2C1B0
66983,C075A0,140C075A0,,140C2C1C0
67151,C0D7B0,140C0D7B0,,140C33500
67819,C28BF0,140C28BF0,,140C4E920
67834,C29510,140C29510,40 53 48 83 EC 20 48 C7 01 00 00 00 00 4C,140C4F2E0
67847,C29E80,140C29E80,,140C4FCF0
67848,C29FF0,140C29FF0,,140C4FF00
67855,C2A4D0,140C2A4D0,40 53 48 83 EC 40 48 C7 44 24 30 FE FF FF FF 8B ? ? ? ? ? 65,140C50480
68663,C4B990,140C4B990,,// Completely inlined. rip.
68838,C52900,140C52900,,140C7A010
68839,C529A0,140C529A0,40 53 56 57 48 81 EC 50 06 00 00 48,140C7A050
68900,C56B50,140C56B50,40 53 48 83 EC 20 48 8B 01 45 33 C0 48 8B D9 FF 90 60 01 00 00 48,140C7DF40
68936,C57A60,140C57A60,48 89 4C 24 08 57 48 83 EC 30 48 C7 44 24 20 FE FF FF FF 48 89 5C 24 48 48 89 74 24 58 8B F2 48 8B F9 E8,140C7EF10
69270,C66580,140C66580,48 83 EC 18 F3 41 0F 10 60 04 F3,140C8E750
69433,C6CD50,140C6CD50,48 89 5C 24 10 48 89 6C 24 18 48 89 74 24 20 57 48 83 EC 30 48 8B EA 48 8B F9 E8 ? ? ? ? 48 8B CD E8,140C953B0
69434,C6CEA0,140C6CEA0,48 89 5C 24 10 57 48 83 EC 20 48 8B D9 48 8B FA 48 8B CA E8 ? ? ? ? 48 8B 4B 40 48,140C95500
69435,C6CF10,140C6CF10,,140C95570
69436,C6CF60,140C6CF60,48 89 5C 24 10 48 89 74 24 18 57 48 83 EC 30 48 8B F2 48 8B F9 E8 ? ? ? ? 48 8B 5F 40 48,140C955C0
69437,C6D0C0,140C6D0C0,,140C95720
69438,C6D150,140C6D150,40 53 48 83 EC 20 48 8B D9 E8 ? ? ? ? 48 8D ? ? ? ? ? 48 C7 43 14 00 00 80 3F 48,140C957B0
69439,C6D1D0,140C6D1D0,,140C95840
69440,C6D230,140C6D230,66 83 49 10 08 F6 41 10 01 C7 41 28 FF FF 7F FF 74,140C958A0
69441,C6D250,140C6D250,B8 F7 FF 00 00 C7 41 28 FF FF 7F FF 66,140C958C0
69442,C6D280,140C6D280,48 89 5C 24 10 57 48 83 EC 20 48 8B FA 48 8B D9 48 39 51 38 74,140C958F0
69447,C6D5E0,140C6D5E0,48 89 5C 24 08 57 48 83 EC 70 F3 0F 10 ? ? ? ? ? 48,140C95C50
69449,C6D810,140C6D810,,140C95E80
69636,C76060,140C76060,48 89 4C 24 08 57 41 56 41 57 48 83 EC 30 48 C7 44 24 20 FE FF FF FF 48 89 5C 24 58 48 89 6C 24 60 48 89 74 24 68 49 8B D9 41,140C9E760
69638,C76340,140C76340,40 57 48 83 EC 30 48 C7 44 24 20 FE FF FF FF 48 89 5C 24 48 48 8B D9 48 8D ? ? ? ? ? 48 89 01 48 8B 41 28 48,140C9EA40
69640,C76490,140C76490,,140C9EB90
69643,C76580,140C76580,,140C9EC60
69804,C7EB60,140C7EB60,40 53 48 83 EC 20 48 8B D9 E8 ? ? ? ? 48 8D ? ? ? ? ? 48 89 03 48 8D 4B 60 33,140CA7BA0
76033,DA81E0,140DA81E0,,140DE7F40
80059,EC30F0,140EC30F0,48 89 5C 24 10 48 89 6C 24 18 56 48 83 EC 20 33 ED 48 8B F1 8B,140F08FA0
80061,EC31D0,140EC31D0,,140F09120
80087,EC4420,140EC4420,40 53 48 83 EC 30 48 8B ? ? ? ? ? 48 8B D1 48,140F14210
80197,EC83A0,140EC83A0,40 55 53 57 41 54 41 56 41 57 48 8D 6C 24 A8 48,140F0AA10
80207,EC9490,140EC9490,48 89 5C 24 08 48 89 74 24 18 57 48 83 EC 20 49 8B D8 48,140F0BC40
80214,EC9BD0,140EC9BD0,,140F0C310
80216,EC9C20,140EC9C20,48 89 5C 24 20 57 48 81 EC F0 00 00 00 48,140F0C370
80218,EC9F30,140EC9F30,,140F0C690
80222,ECA150,140ECA150,48 89 5C 24 18 56 57 41 56 48 83 EC 40 80,140F0C8B0
80230,ECA570,140ECA570,48 89 5C 24 10 48 89 74 24 18 57 48 83 EC 20 48 8B C2 41,140F0CCC0
80231,ECA620,140ECA620,48 89 5C 24 08 48 89 74 24 18 57 48 83 EC 60 49,140F0CD60
80233,ECA860,140ECA860,40 53 41 54 41 56 41 57 48 81 EC A8 00 00 00 80,140F0CFD0
80244,ECB080,140ECB080,48 83 EC 28 8B 42 08 25 8F 00 00 00 83,140F0D6A0
80245,ECB0E0,140ECB0E0,40 53 48 83 EC 20 8B 42 08 49 8B D8 25,140F0D700
80248,ECB300,140ECB300,,140F0D920
80252,ECB6C0,140ECB6C0,,140F0DDB0
80261,ECBD20,140ECBD20,,140F0E120
80263,ECBDB0,140ECBDB0,,140F0E1A0
80265,ECC960,140ECC960,,140F0EF70
80268,ECCBA0,140ECCBA0,48 89 6C 24 18 56 57 41 56 48 83 EC 50 80,140F0F1C0
80270,ECCCF0,140ECCCF0,,140F0F2C0
80302,ECE790,140ECE790,,140F10E00
80446,ED3A50,140ED3A50,,140F1ACC0
80547,ED80B0,140ED80B0,,140F1F800
80620,EDBFA0,140EDBFA0,45 8B D0 48 8B C1 48 85 D2 74 1A 80,140F95DB0
82462,F48270,140F48270,,140F90870
82464,F48360,140F48360,,140F909C0
97379,122DAD0,14122DAD0,,141359520
97462,1233670,141233670,40 57 48 83 EC 30 48 C7 44 24 20 FE FF FF FF 48 89 5C 24 40 48 89 74 24 48 48 8B F9 F6,14135DB80
97463,1233720,141233720,48 89 5C 24 08 57 48 83 EC 20 48 8B F9 48 8B ? ? ? ? ? 48 8B 01 FF 50 18 33,14135DC30
97468,1234360,141234360,48 89 5C 24 08 48 89 74 24 10 57 48 83 EC 20 48 8B F9 33 DB 0F,14135E890
97469,1234410,141234410,48 89 5C 24 08 48 89 74 24 10 57 48 83 EC 20 48 8B F9 33 DB BE,14135E940
97742,12444C0,1412444C0,,14136DD30
97742,12444C0,1412444C0,,14136DD30
97746,12449D0,1412449D0,,14136E240
97923,12507F0,1412507F0,,141379740
100016,12CFBC0,1412CFBC0,,1413F3760
101884,133F0C0,14133F0C0,,141469400
102238,134BDB0,14134BDB0,,1414775BA
229534,152BF80,14152BF80,,141623970
229536,152BFC0,14152BFC0,,1416239B0
229537,152BFE0,14152BFE0,,1416239D0
229540,152C040,14152C040,,141623A30
229541,152C060,14152C060,,141623A50
229544,152C0C0,14152C0C0,,141623AB0
229547,152C120,14152C120,,141623B10
229549,152C160,14152C160,,141623B50
229561,152C2E0,14152C2E0,,141623CD0
229573,152C460,14152C460,,141623E50
229574,152C480,14152C480,,141623E70
229596,152C740,14152C740,,141624130
229615,152C9A0,14152C9A0,,141624390
229618,152CA00,14152CA00,,1416243F0
229625,152CAE0,14152CAE0,,1416244D0
229625,152CAE0,14152CAE0,,1416244D0
229625,152CAE0,14152CAE0,,1416244D0
229629,152CB60,14152CB60,,141624550
229631,152CBA0,14152CBA0,,141624590
229886,152F260,14152F260,,1416271A0
229890,152F2E0,14152F2E0,,141627220
234000,15576F0,1415576F0,,14164ED30
234148,1559930,141559930,,141651118
241857,159FCD0,14159FCD0,,141697A30
256647,162F2A0,14162F2A0,,141725858
260538,1655640,141655640,,14174B948
261916,16635E0,1416635E0,,141759AB0
263052,166F140,14166F140,,141764E08
263056,166F1A8,14166F1A8,,141764E70
263057,166F1D8,14166F1D8,,141764EA0
263058,166F218,14166F218,,141764EE0
263059,166F258,14166F258,,141764F20
263060,166F288,14166F288,,141764F50
263061,166F2C8,14166F2C8,,141764F90
263062,166F2F8,14166F2F8,,141764FC0
263063,166F328,14166F328,,141764FF0
263065,166F388,14166F388,,141765030
263066,166F3B8,14166F3B8,,141765060
263067,166F3E8,14166F3E8,,141765090
263068,166F418,14166F418,,1417650C0
267810,16A9E60,1416A9E60,,14179D2C0
268638,16B1068,1416B1068,,1417A4208
269538,16B8480,1416B8480,,1417AADF8
269539,16B84B8,1416B84B8,,1417AAE30
271141,16C5D28,1416C5D28,,1417B85E8
291278,17B6B50,1417B6B50,,1418A9748
501789,1DB8910,141DB8910,,141E4C9B0
501797,1DC6F60,141DC6F60,,141E5B000
510713,1DF5E70,141DF5E70,,141E8A320
512509,1E09BD0,141E09BD0,,141E9E990
512511,1E09BE8,141E09BE8,,141E9E9A8
512513,1E09C00,141E09C00,,141E9E9C0
512515,1E09C18,141E09C18,,141E9E9D8
514141,1EBE428,141EBE428,,141F58C28
514167,1EBEAD0,141EBEAD0,,141F592D0
514178,1EBEB20,141EBEB20,,141F59320
514285,1EC0A70,141EC0A70,,141F5B270
514286,1EC0A78,141EC0A78,,141F5B278
514287,1EC0A80,141EC0A80,,141F5B280
514315,1EC3B78,141EC3B78,,141F5E378
514316,1EC3B80,141EC3B80,,141F5E380
514349,1EC3CB3,141EC3CB3,,141F5E490
514351,1EC3CB8,141EC3CB8,,141F5E498
514352,1EC3CC0,141EC3CC0,,141F5E8F0
514355,1EC3CE0,141EC3CE0,,141F5E4A0
514360,1EC4150,141EC4150,,141F5E928
514361,1EC4158,141EC4158,,141F5E930
514478,1EC47C0,141EC47C0,,141F5EF10
514494,2EC4838,142EC4838,,142F5EF88
514622,2EC58B0,142EC58B0,,142F60000
514642,2EC59B8,142EC59B8,,142F60108
514705,2EC5BD0,142EC5BD0,,142F60320
514706,2EC5BD8,142EC5BD8,,142F60328
514738,2EC5CE0,142EC5CE0,,142F60430
514959,2EFF988,142EFF988,,142F9A098
515064,2F000F0,142F000F0,,142F9A800
515124,2F003F8,142F003F8,,142F9AB08
516458,2F25250,142F25250,,142FBF640
516573,2F257A0,142F257A0,,142FBFD80
516574,2F257A8,142F257A8,,142FBFD88
516858,2F26730,142F26730,,142FC1200
516860,2F26740,142F26740,,142FC1218
516871,2F26780,142F26780,,142FC1250
516923,2F26B20,142F26B20,,142FC1658
516940,2F26B7C,142F26B7C,,142FC1644
516943,2F26BF8,142F26BF8,,142FC1650
517014,2F26EF8,142F26EF8,,142FC19C8
517045,2F27150,142F27150,,142F9AB00
517051,2F27180,142F27180,,142FC1C50
517228,2F38978,142F38978,,142FD3650
517372,2F39650,142F39650,,142FD4330
518086,2F483F0,142F483F0,,142FE3050
519283,2F4BED4,142F4BED4,,142FC19C4
519300,2F4BF78,142F4BF78,,142FE6C38
519394,2F4C31C,142F4C31C,,142FE6FE4
519396,2F4C328,142F4C328,,142FE6FF0
519421,2F4C3F0,142F4C3F0,,142FE70B8
519570,2F4C8F0,142F4C8F0,,142FE75B0
519716,2F4E240,142F4E240,,142FE8F10
523673,2F6BA48,142F6BA48,,1430065D0
523759,2F77208,142F77208,,143011DA8
523912,3012520,143012520,,1430AD0A0
524557,301D758,14301D758,,1430B82D8
524998,302C890,14302C890,,1430C6D90
525584,3032C50,143032C50,,1430CC600
528600,3497408,143497408,,143531398
